{"cameraMode":{"drawMode":0,"name":"Shaded","section":"Shading Mode"},"sceneLighting":true,"audioPlay":false,"sceneViewState":{"m_AlwaysRefresh":false,"showFog":true,"showSkybox":true,"showFlares":true,"showImageEffects":true,"showParticleSystems":true,"showVisualEffectGraphs":true,"m_FxEnabled":true},"in2DMode":false,"pivot":{"x":584.540771484375,"y":380.56622314453127,"z":-616.5879516601563},"rotation":{"x":-0.0011901415418833495,"y":-0.0030048710759729149,"z":-0.000006240260972845135,"w":0.9999989867210388},"size":22.273250579833986,"orthographic":false}